Words;Occurrences
behavior;373
dynamics;351
model;316
simulation;234
systems;190
networks;182
evolution;153
agents;149
consensus;139
design;110
multiagent systems;101
models;90
performance;80
system;78
information;71
coordination;70
diffusion;70
management;70
stability;69
cooperation;66
emergence;66
optimization;66
decision-making;65
synchronization;59
impact;58
patterns;49
framework;48
algorithms;47
flow;45
network;45
risk;45
algorithm;41
choice;40
time;40
selection;39
flocking;38
perception;37
transmission;35
communication;34
growth;34
strategies;33
fluctuations;32
population;32
kinetics;31
motion;31
land-use;30
movement;30
tracking;30
tracking control;30
games;29
